1;631.1024
2;857.61096
3;457.19604
4;444.81012
5;480.29446
6;407.9135
7;381.20288
8;372.1516
9;371.82327
10;362.31522
11;359.66052
12;353.41693
13;348.241
14;352.41995
15;339.79175
16;331.42682
17;333.8825
18;337.80176
19;325.73413
20;327.26187
21;329.5952
22;323.2436
23;304.69342
24;307.48163
25;310.8791
26;306.9508
27;310.31793
28;317.33585
29;291.18585
30;311.69867
31;309.125
32;299.27524
33;297.7547
34;292.33887
35;303.65286
36;288.95837
37;302.75974
38;287.6542
39;297.74652
40;291.57385
41;292.85553
42;289.9255
43;286.85272
44;286.68445
45;280.2938
46;272.49365
47;291.98932
48;301.8328
49;273.0799
50;274.17575
51;297.88
52;284.32172
53;284.19498
54;286.6707
55;285.80563
56;291.1624
57;279.24728
58;283.68954
59;303.18976
60;285.74002
61;279.8333
62;274.08905
63;269.37292
64;286.9814
65;276.66705
66;250.27621
67;273.29443
68;248.55331
69;286.51248
70;276.7361
71;267.6601
72;268.39355
73;261.59918
74;272.46704
75;262.22614
76;250.50183
77;265.0274
78;277.9931
79;257.4391
80;268.96304
81;248.45312
82;266.54974
83;258.01416
84;232.80899
85;249.9367
86;261.97934
87;245.263
88;256.98572
89;247.13129
90;255.24251
91;243.07425
92;262.45776
93;234.77213
94;253.7624
95;249.23303
96;241.82877
97;248.3114
98;234.77466
99;236.2532
100;239.24506
101;254.82385
102;226.59543
103;241.52225
104;237.46059
105;219.97702
106;248.2685
107;211.24878
108;227.56616
109;238.47137
110;208.92523
111;219.38148
112;245.2576
113;224.94753
114;220.91333
115;233.37508
116;222.22133
117;238.9963
118;236.83809
119;227.17776
120;243.89796
121;232.64401
122;235.1534
123;234.7398
124;224.70303
125;242.09854
126;221.43477
127;214.87357
128;229.15027
129;230.1146
130;219.05829
131;200.8389
132;199.40169
133;218.07336
134;208.92532
135;204.98209
136;193.19711
137;216.47139
138;202.96408
139;200.75287
140;208.7944
141;224.03888
142;214.8324
143;223.2346
144;198.12897
145;214.93805
146;221.81
147;219.02322
148;224.13754
149;228.07483
150;191.21388
151;223.27835
152;209.95206
153;221.83914
154;207.83336
155;226.97021
156;190.39781
157;205.70547
158;199.45883
159;212.62311
160;192.6341
161;187.78061
162;196.83635
163;217.74536
164;213.3583
165;200.10483
166;186.93083
167;196.51654
168;207.9006
169;195.28853
170;197.19174
171;217.81203
172;199.67564
173;178.99905
174;188.09178
175;204.13426
176;198.35587
177;203.28476
178;175.94894
179;172.94629
180;208.83441
181;184.60147
182;190.8241
183;187.13022
184;186.26373
185;183.86702
186;186.28249
187;171.9935
188;183.67326
189;200.04175
190;182.5503
191;186.64433
192;190.96582
193;195.76382
194;186.64763
195;202.46707
196;191.06679
197;179.21133
198;184.89595
199;142.99397
200;181.08235
201;183.21637
202;158.0369
203;172.42722
204;175.4241
205;189.55219
206;190.39374
207;179.22296
208;172.88402
209;194.26857
210;189.42598
211;161.29813
212;177.42361
213;172.50227
214;171.3291
215;177.4744
216;192.03731
217;174.65538
218;165.79323
219;172.01976
220;176.07544
221;192.0318
222;156.00494
223;182.93028
224;163.8233
225;178.60391
226;188.43442
227;169.66725
228;162.03351
229;181.836
230;174.14668
231;166.72792
232;176.4029
233;195.04974
234;178.46924
235;182.89114
236;156.78337
237;172.97388
238;163.88013
239;187.55496
240;164.7732
241;154.38078
242;160.66148
243;187.75432
244;178.28752
245;171.32426
246;165.64828
247;178.15025
248;165.23518
249;158.406
250;164.40076
251;157.87895
252;160.6237
253;159.26155
254;158.28154
255;162.26839
256;161.4772
257;170.30183
258;154.39157
259;172.1508
260;169.55453
261;152.16786
262;150.06671
263;170.60492
264;149.83755
265;163.04793
266;168.97282
267;165.10968
268;159.81702
269;154.14766
270;162.30809
271;164.3081
272;171.50223
273;151.6839
274;161.61551
275;152.1507
276;172.26791
277;166.70316
278;175.59021
279;157.60748
280;141.44672
281;178.71532
282;153.68988
283;159.72148
284;166.98297
285;161.50847
286;150.18005
287;152.94731
288;158.61313
289;170.60507
290;146.55612
291;168.78812
292;158.6882
293;159.78152
294;148.8221
295;148.25243
296;147.59792
297;155.15668
298;143.10246
299;182.22363
300;155.45883
301;148.51726
302;157.59924
303;139.83516
304;149.72063
305;150.43695
306;147.13559
307;151.36928
308;148.66284
309;154.73782
310;140.25092
311;159.44827
312;141.2932
313;146.88434
314;156.50374
315;159.26361
316;159.8089
317;163.20717
318;151.81323
319;150.41167
320;171.75455
321;155.92218
322;141.80034
323;155.01007
324;152.76965
325;155.89056
326;149.74055
327;161.90579
328;148.89038
329;149.17252
330;146.36841
331;150.14438
332;136.2616
333;139.01242
334;153.6976
335;147.70355
336;151.74112
337;155.27252
338;151.10365
339;158.00697
340;142.32768
341;133.76402
342;152.99983
343;132.94202
344;138.03285
345;145.49765
346;148.28783
347;132.65817
348;143.91965
349;143.78659
350;141.15065
351;126.913
352;149.70352
353;164.66013
354;145.43063
355;157.58398
356;152.15366
357;142.30624
358;156.36774
359;142.66998
360;139.111
361;141.11667
362;152.45197
363;130.79414
364;146.25218
365;123.90029
366;153.51074
367;143.29932
368;133.61586
369;139.23322
370;122.85979
371;128.51642
372;133.5235
373;135.7821
374;151.78564
375;143.64877
376;126.35708
377;120.505905
378;126.25931
379;133.2211
380;143.08752
381;129.16548
382;141.19365
383;148.07788
384;133.27194
385;146.80206
386;154.11256
387;133.47513
388;128.44977
389;134.00574
390;158.41391
391;125.61923
392;140.13512
393;124.98994
394;135.03476
395;142.25496
396;124.52504
397;140.97592
398;132.52309
399;143.20566
400;123.293884
401;148.98637
402;146.16263
403;127.65953
404;122.21455
405;143.13235
406;140.41776
407;147.63109
408;132.99734
409;150.91223
410;130.7133
411;132.66214
412;139.69904
413;120.50525
414;157.28638
415;129.54596
416;138.52557
417;131.14447
418;113.82468
419;115.211205
420;131.61295
421;120.122955
422;142.70193
423;144.62927
424;130.74661
425;147.22522
426;137.1196
427;126.58813
428;132.13037
429;117.12534
430;117.99385
431;129.42978
432;129.71582
433;128.01793
434;126.65184
435;137.57501
436;146.92021
437;150.50084
438;147.12231
439;142.38403
440;126.466736
441;130.14206
442;137.23764
443;102.01166
444;126.93706
445;109.56175
446;139.1823
447;128.59807
448;138.1609
449;134.89932
450;136.78485
451;127.22782
452;126.42676
453;129.20049
454;109.74983
455;128.14597
456;125.60937
457;135.76796
458;131.16898
459;108.417656
460;129.82571
461;127.45642
462;140.36676
463;121.035164
464;133.1455
465;122.44451
466;123.38297
467;117.561615
468;124.24327
469;119.67096
470;147.74768
471;125.34228
472;126.24603
473;121.943405
474;125.0883
475;118.5013
476;112.75829
477;115.857056
478;116.700935
479;115.76877
480;124.71478
481;130.50266
482;128.07332
483;132.56578
484;133.40776
485;130.51485
486;127.22443
487;108.64113
488;115.54814
489;116.9798
490;120.5134
491;125.819
492;132.5075
493;124.96956
494;114.370705
495;110.62957
496;117.14863
497;127.88472
498;127.71083
499;121.81486
500;111.34166
501;107.68019
502;118.70422
503;122.7403
504;116.99205
505;132.9974
506;116.3907
507;118.089134
508;126.48512
509;108.55681
510;126.44029
511;118.69385
512;108.91272
513;115.90963
514;130.41289
515;117.926346
516;126.79546
517;124.585785
518;117.15668
519;103.21184
520;119.74986
521;96.45244
522;121.018585
523;119.53845
524;124.68002
525;112.348366
526;105.34188
527;122.469406
528;131.28687
529;118.40053
530;136.4484
531;138.9205
532;120.51983
533;103.61829
534;114.3899
535;118.718216
536;110.75657
537;100.6353
538;106.37491
539;94.6583
540;132.97984
541;104.72963
542;117.46147
543;130.12068
544;118.52626
545;132.556
546;110.69528
547;118.52455
548;120.98575
549;114.205414
550;123.82568
551;104.86935
552;133.72438
553;133.21754
554;109.59471
555;122.50017
556;120.17913
557;119.42829
558;111.742645
559;112.57785
560;113.77647
561;111.88914
562;109.3988
563;131.89551
564;101.791504
565;106.44641
566;120.76037
567;108.283905
568;137.17128
569;103.95964
570;121.03793
571;109.33139
572;111.88406
573;111.41831
574;105.58765
575;111.05018
576;120.18561
577;116.2753
578;128.75769
579;103.229095
580;116.076996
581;118.99355
582;120.96762
583;110.33161
584;105.957924
585;91.98232
586;116.12684
587;126.211006
588;131.6445
589;113.00133
590;100.23143
591;112.392365
592;127.0606
593;116.667534
594;104.58493
595;108.563416
596;108.528595
597;119.752594
598;104.78905
599;116.13154
600;109.13461
601;106.66915
602;106.20599
603;100.08595
604;122.73509
605;89.79556
606;109.719345
607;115.660774
608;114.783485
609;111.91045
610;104.56482
611;112.60065
612;105.87477
613;115.709625
614;107.01744
615;121.885254
616;99.74252
617;120.8353
618;112.6351
619;108.79109
620;104.238785
621;100.5983
622;113.2391
623;110.49095
624;113.97094
625;112.22778
626;114.76262
627;101.95843
628;104.89104
629;117.86603
630;110.16246
631;95.86287
632;113.49177
633;105.56514
634;111.843475
635;105.06053
636;107.0163
637;108.03562
638;96.80223
639;107.516556
640;95.85737
641;108.10669
642;96.94289
643;108.71971
644;106.72296
645;110.74098
646;90.13983
647;102.8806
648;88.92557
649;106.338295
650;105.62126
651;118.7321
652;110.30829
653;117.82677
654;108.72663
655;101.50543
656;102.098816
657;96.05726
658;107.265915
659;96.131454
660;107.97055
661;109.094894
662;84.621635
663;107.900955
664;110.057495
665;92.63799
666;98.951
667;97.85108
668;91.52281
669;101.81232
670;97.49227
671;114.04437
672;103.00622
673;105.30359
674;89.34868
675;107.697784
676;111.38692
677;114.50482
678;107.9672
679;94.92575
680;110.91295
681;116.75224
682;92.599106
683;96.188065
684;111.35655
685;92.44539
686;106.56034
687;101.44554
688;113.30274
689;86.7583
690;113.74339
691;90.40399
692;90.24135
693;108.65771
694;100.05611
695;102.18644
696;88.19717
697;100.556015
698;93.205
699;100.383804
700;103.207016
701;103.42114
702;90.21499
703;90.4883
704;83.2433
705;89.82429
706;101.238144
707;104.44139
708;100.31591
709;88.04267
710;91.20881
711;83.66885
712;88.037834
713;115.96344
714;89.479065
715;104.151306
716;103.73248
717;89.28546
718;89.46618
719;107.37309
720;108.434654
721;93.39699
722;85.992035
723;104.235
724;92.48837
725;97.89829
726;104.67052
727;95.96328
728;94.26057
729;127.84613
730;83.50508
731;88.16463
732;94.52376
733;86.19266
734;97.60527
735;101.668304
736;87.12096
737;110.449005
738;88.387375
739;94.07459
740;95.791824
741;94.19052
742;103.29703
743;102.4489
744;105.57387
745;108.48018
746;84.80966
747;99.52985
748;99.63814
749;82.90359
750;99.985794
751;93.41021
752;85.07359
753;78.40225
754;99.00875
755;101.92021
756;82.0833
757;103.02673
758;103.3349
759;99.55528
760;90.97883
761;81.28967
762;99.62579
763;76.76424
764;89.552864
765;91.499176
766;83.23578
767;91.91257
768;99.36819
769;94.729004
770;101.40689
771;101.80715
772;92.49657
773;87.41022
774;94.039505
775;88.82623
776;106.62335
777;94.934616
778;88.08445
779;83.099655
780;97.4549
781;89.024315
782;99.05644
783;89.459145
784;97.78728
785;88.03833
786;91.75728
787;84.79798
788;83.03439
789;81.537704
790;88.36772
791;88.065994
792;91.81568
793;98.95172
794;79.65334
795;94.23811
796;91.85651
797;99.227974
798;91.85255
799;80.30197
800;101.21796
801;93.95177
802;85.063896
803;88.030045
804;88.27849
805;84.73556
806;97.50382
807;77.350876
808;91.724815
809;87.96051
810;83.6223
811;85.88751
812;95.37857
813;98.109
814;93.705185
815;75.99408
816;95.54587
817;83.34194
818;89.98907
819;86.53523
820;90.00913
821;94.89276
822;86.934875
823;98.399734
824;84.89163
825;89.53839
826;95.82271
827;86.17569
828;86.44315
829;87.97168
830;81.803
831;86.25008
832;89.90692
833;87.69513
834;85.16189
835;103.502014
836;94.021736
837;92.36214
838;87.62366
839;83.36264
840;92.63074
841;82.32961
842;93.10017
843;82.74259
844;95.915504
845;85.27788
846;89.35361
847;90.787384
848;97.46783
849;84.07998
850;93.34924
851;78.42887
852;89.82437
853;78.88806
854;86.161125
855;79.899345
856;82.11844
857;80.78592
858;99.23697
859;84.99668
860;71.88239
861;80.536285
862;76.207016
863;80.31111
864;112.507706
865;86.22344
866;93.91063
867;80.72127
868;89.18202
869;71.09967
870;89.213295
871;89.77988
872;84.20443
873;79.46297
874;82.127655
875;70.45678
876;85.352715
877;86.46517
878;77.20718
879;79.42371
880;92.76935
881;82.63022
882;86.7457
883;85.423935
884;91.750305
885;80.8961
886;66.70781
887;85.14426
888;92.603714
889;82.79414
890;86.52352
891;90.82828
892;102.486084
893;90.800735
894;77.04503
895;91.618256
896;75.04248
897;76.88776
898;79.31435
899;83.19632
900;90.8477
901;86.89758
902;79.44375
903;80.45495
904;78.392136
905;87.838524
906;72.099045
907;85.498184
908;83.36988
909;82.60475
910;77.148155
911;90.61949
912;94.50658
913;97.401566
914;85.762825
915;80.556885
916;86.65323
917;84.520546
918;87.89932
919;79.87973
920;79.857254
921;82.04622
922;82.116974
923;78.002815
924;87.9716
925;82.34156
926;89.95412
927;78.44726
928;90.497665
929;82.691635
930;81.317215
931;86.53757
932;74.84111
933;83.62492
934;91.36497
935;84.79835
936;81.674545
937;79.73217
938;93.68862
939;71.8925
940;93.143196
941;85.363945
942;71.038574
943;69.25952
944;82.67059
945;83.5302
946;81.77532
947;62.742874
948;87.06819
949;78.07408
950;93.9702
951;75.83087
952;75.74592
953;82.94503
954;81.04252
955;85.69305
956;82.57324
957;73.759
958;76.22402
959;80.18039
960;88.55627
961;95.396
962;68.72092
963;79.22504
964;77.070984
965;82.37808
966;80.575264
967;84.69107
968;85.38278
969;77.040146
970;78.440384
971;81.76049
972;79.32431
973;72.51353
974;82.3477
975;77.71797
976;77.12359
977;73.945015
978;82.47345
979;85.34343
980;74.12376
981;87.72634
982;77.058205
983;72.7231
984;96.18187
985;83.23354
986;83.40091
987;73.96805
988;79.90393
989;86.01172
990;78.290405
991;74.36119
992;81.39348
993;75.892365
994;88.13841
995;84.56496
996;78.78827
997;76.388275
998;85.139755
999;74.90313
1000;81.64687
1001;75.15414
1002;87.888016
1003;84.21803
1004;68.67597
1005;87.579994
1006;79.573814
1007;81.95249
1008;78.55437
1009;82.650055
1010;69.992676
1011;75.56824
1012;71.02869
1013;71.84787
1014;72.98438
1015;72.38974
1016;74.935486
1017;64.9795
1018;65.71803
1019;71.751526
1020;77.84697
1021;69.578865
1022;75.05581
1023;63.707527
1024;85.16644
1025;82.63197
1026;81.99425
1027;81.98052
1028;84.34523
1029;88.06115
1030;77.73715
1031;76.723854
1032;82.62227
1033;85.01196
1034;75.46849
1035;78.32022
1036;66.84937
1037;66.275024
1038;83.77594
1039;78.240875
1040;71.758194
1041;73.16989
1042;80.380745
1043;99.37819
1044;75.24574
1045;85.3161
1046;73.93838
1047;69.87147
1048;81.65033
1049;75.410934
1050;76.778305
1051;87.965
1052;76.01103
1053;74.03142
1054;78.81676
1055;80.754684
1056;73.73535
1057;71.878784
1058;84.178
1059;68.17814
1060;75.69538
1061;61.13616
1062;79.850525
1063;72.19737
1064;62.00651
1065;87.38411
1066;65.699135
1067;73.264465
1068;91.57952
1069;72.897896
1070;79.05037
1071;80.89633
1072;74.302475
1073;79.65963
1074;81.719406
1075;78.736855
1076;77.69063
1077;83.13314
1078;73.69321
1079;79.77374
1080;84.013374
1081;70.351814
1082;68.32402
1083;67.66452
1084;78.66745
1085;75.44475
1086;70.84641
1087;71.91787
1088;81.15953
1089;63.55574
1090;88.079346
1091;67.93444
1092;61.41597
1093;67.915344
1094;77.460594
1095;77.50666
1096;70.942955
1097;64.46227
1098;80.81818
1099;72.28636
1100;80.812515
1101;69.51565
1102;77.999115
1103;76.960785
1104;74.23157
1105;72.50158
1106;65.80045
1107;78.39231
1108;66.062386
1109;60.39058
1110;69.4783
1111;82.795265
1112;75.86511
1113;70.31174
1114;70.04555
1115;74.342255
1116;85.476944
1117;73.93509
1118;73.388885
1119;69.93865
1120;74.50454
1121;71.33087
1122;64.38893
1123;75.88605
1124;60.274033
1125;73.89404
1126;58.451332
1127;79.97498
1128;74.586784
1129;68.62108
1130;71.914665
1131;70.67419
1132;69.29976
1133;76.58878
1134;63.111042
1135;67.85393
1136;70.973854
1137;63.670883
1138;76.17939
1139;74.51838
1140;78.91908
1141;71.52557
1142;80.82939
1143;66.50447
1144;66.081406
1145;63.91139
1146;72.2794
1147;88.00304
1148;70.40779
1149;74.322174
1150;77.13951
1151;68.13286
1152;61.20745
1153;73.741234
1154;74.83837
1155;77.093445
1156;77.29652
1157;67.091995
1158;73.34896
1159;74.17822
1160;71.282005
1161;72.32273
1162;71.17467
1163;83.50847
1164;76.900276
1165;70.93395
1166;74.440605
1167;71.23559
1168;74.62486
1169;60.79891
1170;70.33426
1171;80.54039
1172;69.8816
1173;76.871254
1174;63.465485
1175;74.67111
1176;76.7642
1177;71.36405
1178;71.88291
1179;76.681175
1180;68.32646
1181;80.34725
1182;77.438446
1183;72.96453
1184;67.94647
1185;66.59928
1186;63.51825
1187;67.017365
1188;75.537735
1189;61.326218
1190;65.28228
1191;73.144196
1192;68.88953
1193;76.85249
1194;69.68463
1195;68.74911
1196;66.11124
1197;70.214
1198;76.933655
1199;63.69101
1200;64.954285
1201;68.758286
1202;69.920006
1203;73.04402
1204;66.50152
1205;68.71107
1206;80.16643
1207;56.683594
1208;75.53692
1209;60.6511
1210;64.41043
1211;64.75191
1212;72.55039
1213;74.03229
1214;74.44169
1215;68.34824
1216;64.57244
1217;72.406746
1218;76.54782
1219;69.24955
1220;64.35999
1221;75.23877
1222;68.13335
1223;59.964584
1224;65.236206
1225;73.06103
1226;73.47693
1227;74.79986
1228;76.72173
1229;61.73994
1230;65.3333
1231;67.03131
1232;68.27066
1233;62.219196
1234;64.882774
1235;67.840004
1236;70.40834
1237;61.69957
1238;68.37167
1239;63.94511
1240;56.159424
1241;66.18901
1242;72.662964
1243;72.10198
1244;67.72629
1245;77.424164
1246;64.11887
1247;65.03904
1248;66.35802
1249;74.29964
1250;79.256546
1251;70.23792
1252;64.68689
1253;71.16088
1254;63.241924
1255;69.277885
1256;72.60118
1257;70.10737
1258;70.31175
1259;68.46992
1260;70.54253
1261;74.420395
1262;61.685425
1263;60.982674
1264;57.42569
1265;69.80918
1266;66.68593
1267;62.681366
1268;70.608536
1269;57.44366
1270;62.087654
1271;64.475006
1272;71.081436
1273;75.67897
1274;63.385742
1275;78.20628
1276;65.92942
1277;74.423035
1278;65.65744
1279;75.134285
1280;74.630615
1281;59.906532
1282;64.950775
1283;63.355976
1284;69.45585
1285;60.54517
1286;60.269775
1287;72.63267
1288;63.17916
1289;63.363533
1290;65.37271
1291;65.58366
1292;64.3281
1293;75.99773
1294;63.13382
1295;70.33281
1296;59.356884
1297;64.51596
1298;54.280296
1299;64.66206
1300;65.322876
1301;73.97823
1302;65.65292
1303;72.13992
1304;78.51456
1305;72.46298
1306;73.879814
1307;68.46597
1308;66.38686
1309;68.26619
1310;76.45577
1311;67.67984
1312;64.1443
1313;76.36467
1314;65.16971
1315;66.22591
1316;70.89099
1317;55.273567
1318;67.95289
1319;61.318344
1320;62.155693
1321;68.848656
1322;67.625
1323;59.315094
1324;59.421207
1325;65.83611
1326;69.71878
1327;62.157158
1328;59.852592
1329;66.53798
1330;71.19996
1331;59.757645
1332;56.095596
1333;66.754486
1334;66.353226
1335;63.709743
1336;60.459396
1337;62.721222
1338;67.14318
1339;60.381264
1340;67.346924
1341;65.496605
1342;62.471943
1343;64.847084
1344;69.4698
1345;78.35279
1346;62.432396
1347;69.8752
1348;51.117073
1349;58.468693
1350;70.27014
1351;69.69747
1352;54.801575
1353;66.405426
1354;68.64824
1355;58.935078
1356;66.103096
1357;58.34578
1358;61.077187
1359;68.681656
1360;79.21811
1361;63.97031
1362;64.74878
1363;59.883152
1364;71.5966
1365;59.921112
1366;59.722504
1367;58.80375
1368;58.965206
1369;51.66893
1370;55.650753
1371;57.038322
1372;68.464
1373;60.379368
1374;63.846756
1375;65.5806
1376;64.52535
1377;57.631348
1378;59.875893
1379;68.62731
1380;57.586624
1381;63.807594
1382;64.69688
1383;55.655315
1384;65.68995
1385;63.11696
1386;65.90924
1387;66.616035
1388;68.24957
1389;58.128036
1390;59.46197
1391;62.185493
1392;57.123432
1393;52.76293
1394;68.52313
1395;68.69966
1396;58.881927
1397;71.99253
1398;60.483246
1399;60.008972
1400;71.416824
1401;78.17166
1402;61.271507
1403;64.25338
1404;65.48065
1405;62.153572
1406;55.77071
1407;63.189
1408;63.129223
1409;77.379135
1410;59.69158
1411;59.548923
1412;59.55457
1413;63.220154
1414;62.315506
1415;56.608025
1416;70.80423
1417;59.485374
1418;60.9297
1419;64.79548
1420;61.797394
1421;62.92856
1422;71.88229
1423;62.18034
1424;60.27219
1425;59.655273
1426;60.618057
1427;57.84053
1428;61.025085
1429;59.314095
1430;65.78596
1431;53.81218
1432;56.69001
1433;64.971436
1434;70.65924
1435;68.93584
1436;67.97052
1437;56.78282
1438;66.7392
1439;63.343327
1440;60.00656
1441;63.155502
1442;58.41382
1443;56.54857
1444;69.76517
1445;52.487526
1446;58.722683
1447;52.935024
1448;67.04604
1449;64.27695
1450;64.26399
1451;64.318375
1452;58.080555
1453;50.630753
1454;58.320564
1455;63.334923
1456;58.37992
1457;62.097977
1458;65.468094
1459;62.12092
1460;57.302376
1461;57.30119
1462;64.1644
1463;68.54648
1464;67.942665
1465;62.231438
1466;60.17164
1467;60.992165
1468;65.09624
1469;64.0417
1470;64.41345
1471;60.88199
1472;57.844788
1473;59.272545
1474;56.372185
1475;60.529705
1476;59.25457
1477;53.1153
1478;53.16181
1479;65.39238
1480;58.326073
1481;60.52181
1482;54.603447
1483;65.15396
1484;62.31006
1485;66.92951
1486;50.12235
1487;58.770145
1488;55.501015
1489;65.42241
1490;65.3609
1491;57.968445
1492;64.918594
1493;48.641396
1494;56.927925
1495;57.657074
1496;54.77829
1497;62.891163
1498;59.871014
1499;57.719574
1500;59.000435
1501;65.61796
1502;53.623447
1503;55.297108
1504;52.91471
1505;59.108303
1506;55.888985
1507;57.47387
1508;62.058926
1509;58.50953
1510;55.29658
1511;51.62228
1512;51.281384
1513;65.256065
1514;56.1839
1515;55.68467
1516;68.83698
1517;59.439804
1518;69.72235
1519;66.55615
1520;56.940933
1521;60.702656
1522;61.49388
1523;55.393517
1524;56.7639
1525;54.17063
1526;60.391808
1527;58.70075
1528;56.18785
1529;60.03441
1530;54.985725
1531;62.433403
1532;51.75107
1533;63.339672
1534;56.181496
1535;55.374653
1536;48.655518
1537;62.610153
1538;55.493164
1539;58.743954
1540;52.599243
1541;66.471146
1542;51.17904
1543;61.427227
1544;56.137127
1545;58.223167
1546;54.23713
1547;65.31747
1548;59.427204
1549;61.293484
1550;58.219704
1551;55.348816
1552;58.08273
1553;58.159573
1554;56.934364
1555;50.6945
1556;68.58148
1557;65.1427
1558;58.69756
1559;62.73287
1560;59.04782
1561;57.003704
1562;61.773556
1563;58.39227
1564;51.314217
1565;60.52038
1566;61.058525
1567;60.435116
1568;56.273266
1569;55.268997
1570;57.693466
1571;66.1142
1572;58.856438
1573;61.493446
1574;52.673904
1575;61.479836
1576;62.968674
1577;55.69143
1578;58.236885
1579;67.31209
1580;60.40286
1581;57.0822
1582;49.492783
1583;63.02768
1584;51.650585
1585;61.418
1586;52.685295
1587;56.089157
1588;53.488976
1589;63.27086
1590;58.918266
1591;53.23948
1592;58.640266
1593;57.229225
1594;57.955048
1595;60.524998
1596;60.892136
1597;55.75203
1598;55.869415
1599;50.484528
1600;58.217373
1601;60.030766
1602;60.792446
1603;55.465446
1604;54.8838
1605;56.26249
1606;55.556313
1607;57.32653
1608;59.599556
1609;61.37314
1610;59.02498
1611;58.29429
1612;56.261932
1613;54.673725
1614;55.967583
1615;60.458225
1616;60.24212
1617;62.59793
1618;57.81177
1619;59.870975
1620;59.76242
1621;54.057114
1622;50.556107
1623;52.642483
1624;54.371857
1625;55.98674
1626;58.190277
1627;58.840508
1628;57.433212
1629;59.643017
1630;55.100365
1631;58.79267
1632;54.253532
1633;63.01918
1634;57.31427
1635;52.350872
1636;54.320114
1637;64.819275
1638;57.38349
1639;56.756134
1640;52.868504
1641;67.11095
1642;56.350986
1643;56.824635
1644;46.328762
1645;57.551323
1646;57.80153
1647;53.697044
1648;54.013092
1649;59.592697
1650;51.85764
1651;59.688995
1652;59.08302
1653;60.00796
1654;57.951157
1655;57.754684
1656;45.863148
1657;54.11588
1658;61.49528
1659;53.14628
1660;53.871765
1661;56.975563
1662;60.964066
1663;53.63443
1664;49.39148
1665;50.24379
1666;51.46688
1667;51.608044
1668;51.792587
1669;58.28855
1670;59.76786
1671;58.016655
1672;52.903496
1673;51.80821
1674;55.030884
1675;54.684647
1676;50.389988
1677;47.87314
1678;57.811485
1679;56.03685
1680;56.269142
1681;54.313118
1682;48.47524
1683;60.57133
1684;56.615093
1685;58.080975
1686;60.710735
1687;51.355408
1688;57.84082
1689;53.7503
1690;50.62379
1691;56.32299
1692;62.09634
1693;53.503235
1694;62.654182
1695;49.321728
1696;56.592194
1697;54.260788
1698;58.734825
1699;53.384533
1700;52.13497
1701;55.507362
1702;45.835136
1703;53.659313
1704;54.436394
1705;57.228294
1706;56.969383
1707;66.0439
1708;49.730164
1709;54.336735
1710;56.55072
1711;55.099087
1712;58.232594
1713;51.414715
1714;64.860886
1715;48.537056
1716;53.527626
1717;50.45323
1718;48.829094
1719;50.854256
1720;54.605656
1721;60.783485
1722;54.21089
1723;52.90258
1724;54.962845
1725;56.734135
1726;50.938248
1727;59.177326
1728;57.043423
1729;49.033108
1730;54.740852
1731;60.979
1732;54.08251
1733;61.0785
1734;57.635048
1735;53.0521
1736;57.32544
1737;55.756752
1738;54.360428
1739;51.65025
1740;57.212616
1741;50.3063
1742;53.447998
1743;61.44044
1744;49.581104
1745;54.62863
1746;54.541485
1747;44.833668
1748;52.44391
1749;53.697227
1750;47.912655
1751;57.67306
1752;49.515488
1753;55.499054
1754;55.924995
1755;59.319695
1756;51.149788
1757;53.044247
1758;52.926712
1759;55.99962
1760;45.47928
1761;48.614666
1762;48.516663
1763;48.970623
1764;54.654564
1765;55.543957
1766;55.590256
1767;55.94278
1768;51.77617
1769;54.453323
1770;47.87844
1771;46.802383
1772;53.994167
1773;45.530113
1774;59.01312
1775;51.95368
1776;54.36459
1777;46.65248
1778;59.265434
1779;49.43163
1780;53.975082
1781;53.80661
1782;49.793
1783;49.616257
1784;55.79639
1785;54.866528
1786;53.73103
1787;56.11675
1788;49.48382
1789;56.904633
1790;54.661594
1791;52.933857
1792;54.406998
1793;51.80095
1794;52.233555
1795;53.23632
1796;52.38804
1797;60.551167
1798;51.136543
1799;55.648582
1800;53.207954
1801;52.95084
1802;51.960175
1803;50.201332
1804;49.60582
1805;55.613144
1806;50.99391
1807;48.74289
1808;57.69008
1809;53.29167
1810;51.779625
1811;53.081055
1812;50.845573
1813;55.37918
1814;50.781876
1815;47.787888
1816;55.490025
1817;51.314903
1818;49.735588
1819;51.382843
1820;52.68986
1821;52.14329
1822;57.10659
1823;51.62649
1824;60.817955
1825;54.75688
1826;53.846428
1827;54.61534
1828;47.580692
1829;44.553192
1830;48.788795
1831;49.5967
1832;47.304813
1833;56.014336
1834;50.712852
1835;51.14528
1836;50.673847
1837;48.08739
1838;48.441467
1839;52.71788
1840;52.754074
1841;47.947014
1842;52.823853
1843;50.13848
1844;57.567036
1845;57.713852
1846;61.835934
1847;56.16019
1848;51.309258
1849;50.707985
1850;53.142235
1851;49.689377
1852;54.588654
1853;50.35426
1854;52.928234
1855;55.097893
1856;52.692852
1857;54.950138
1858;43.693916
1859;47.006226
1860;53.276466
1861;52.649834
1862;48.98883
1863;54.335785
1864;57.624763
1865;51.77059
1866;51.347263
1867;49.406296
1868;45.443638
1869;53.188164
1870;50.020325
1871;50.93181
1872;49.692513
1873;47.149452
1874;51.02247
1875;52.348495
1876;51.28664
1877;50.549717
1878;54.84687
1879;44.95689
1880;55.0857
1881;50.99171
1882;56.669228
1883;44.486916
1884;52.5997
1885;50.756145
1886;48.941586
1887;48.11479
1888;48.433678
1889;51.44102
1890;56.244675
1891;51.38329
1892;55.636192
1893;50.5823
1894;51.35977
1895;56.96266
1896;50.47072
1897;49.010223
1898;50.66672
1899;44.74172
1900;52.55278
1901;49.601562
1902;47.181118
1903;51.419952
1904;47.938713
1905;49.094265
1906;48.828743
1907;48.053055
1908;46.421516
1909;54.24227
1910;49.565628
1911;60.931854
1912;54.536747
1913;57.183266
1914;45.19175
1915;52.996
1916;49.29223
1917;51.347984
1918;46.418472
1919;48.949627
1920;46.242237
1921;52.673065
1922;51.089123
1923;42.97571
1924;46.607483
1925;53.44799
1926;52.028122
1927;50.220436
1928;52.31009
1929;47.869537
1930;50.040066
1931;54.067795
1932;51.770065
1933;45.924698
1934;57.960304
1935;51.716537
1936;47.949886
1937;47.475945
1938;50.132645
1939;51.90625
1940;48.852543
1941;49.101425
1942;51.04227
1943;48.214104
1944;55.746605
1945;50.893864
1946;47.737755
1947;47.95517
1948;55.611084
1949;46.390575
1950;49.32591
1951;52.36853
1952;54.324154
1953;51.175144
1954;49.076496
1955;53.343426
1956;47.64559
1957;53.898643
1958;51.91839
1959;50.916817
1960;55.75478
1961;50.907154
1962;53.739624
1963;43.22917
1964;47.594086
1965;54.278248
1966;51.752285
1967;47.947014
1968;50.9563
1969;51.441322
1970;47.725582
1971;45.96804
1972;52.517475
1973;43.2232
1974;50.361046
1975;51.893833
1976;49.92496
1977;50.175278
1978;51.917187
1979;50.42352
1980;49.75242
1981;51.574715
1982;56.891056
1983;43.63482
1984;47.42257
1985;50.65166
1986;48.775375
1987;52.670723
1988;52.273315
1989;48.21803
1990;51.65258
1991;54.405884
1992;48.660896
1993;49.655994
1994;44.95822
1995;46.39367
1996;49.851257
1997;50.893425
1998;54.548714
1999;49.81833
2000;51.329094
2001;51.796116
2002;54.550934
2003;47.857727
2004;53.023758
2005;49.65586
2006;48.310562
2007;47.088905
2008;50.397526
2009;50.718044
2010;48.928463
2011;53.944447
2012;48.791203
2013;49.52356
2014;52.322678
2015;49.656944
2016;45.202095
2017;52.374737
2018;50.33204
2019;51.551598
2020;49.161972
2021;52.63594
2022;54.229866
2023;56.05287
2024;49.03905
2025;48.34158
2026;51.95624
2027;49.392193
2028;49.74755
2029;55.379242
2030;49.07238
2031;49.23723
2032;50.701958
2033;51.351765
2034;49.954376
2035;47.37178
2036;51.307404
2037;50.30989
2038;51.752544
2039;48.512108
2040;56.946884
2041;45.362892
2042;57.430244
2043;46.52487
2044;47.24861
2045;49.219063
2046;54.019638
2047;46.883278
2048;51.109734
2049;48.341743
2050;55.42651
2051;42.303947
2052;52.448895
2053;52.626823
2054;43.637615
2055;46.813576
2056;49.381645
2057;46.612553
2058;46.71707
2059;41.776062
2060;48.45105
2061;44.999496
2062;44.3756
2063;50.604218
2064;50.10851
2065;44.884502
2066;45.11335
2067;49.009804
2068;48.208603
2069;51.77786
2070;50.97569
2071;47.17292
2072;46.0121
2073;51.58003
2074;51.25374
2075;44.380672
2076;51.84869
2077;49.137554
2078;48.63778
2079;45.764378
2080;48.207024
2081;52.804443
2082;51.399765
2083;50.855293
2084;47.012928
2085;48.696304
2086;40.945644
2087;48.13791
2088;47.387012
2089;48.662193
2090;48.159286
2091;45.939663
2092;45.144222
2093;49.60996
2094;48.640896
2095;50.06482
2096;48.841812
2097;51.45473
2098;47.984
2099;49.6892
2100;48.384583
2101;48.68611
2102;47.388203
2103;45.12774
2104;46.97435
2105;50.824207
2106;46.502277
2107;42.59937
2108;51.030346
2109;47.65891
2110;48.76683
2111;44.96106
2112;49.143322
2113;57.999474
2114;48.884384
2115;44.95595
2116;42.20369
2117;47.389088
2118;50.321526
2119;49.93732
2120;51.703636
2121;48.731285
2122;52.60196
2123;47.240406
2124;51.114567
2125;48.242027
2126;46.066353
2127;48.496826
2128;43.656357
2129;44.331245
2130;51.832375
2131;53.69457
2132;49.77183
2133;49.496178
2134;41.601868
2135;51.10891
2136;45.65584
2137;49.520523
2138;48.280037
2139;47.463486
2140;48.054276
2141;48.11686
2142;44.40786
2143;46.29796
2144;41.945465
2145;42.64572
2146;50.470703
2147;44.512047
2148;45.40873
2149;49.312065
2150;50.32746
2151;51.818237
2152;47.21303
2153;52.076637
2154;46.66361
2155;45.9629
2156;45.718952
2157;46.757927
2158;46.17478
2159;47.827747
2160;43.885986
2161;52.870125
2162;44.75039
2163;46.905746
2164;43.680725
2165;50.339485
2166;46.323826
2167;46.458717
2168;47.581814
2169;54.07937
2170;55.659794
2171;48.051407
2172;51.019165
2173;48.310154
2174;46.6887
2175;48.802643
2176;48.597527
2177;46.340187
2178;46.00886
2179;49.747902
2180;47.956272
2181;48.354504
2182;54.963707
2183;49.636536
2184;46.83811
2185;50.04319
2186;45.94564
2187;48.121292
2188;43.65765
2189;48.166122
2190;44.924026
2191;46.25152
2192;47.99591
2193;53.07888
2194;42.952454
2195;45.579575
2196;43.352463
2197;47.014114
2198;44.485176
2199;49.67264
2200;44.425957
2201;45.073704
2202;50.772762
2203;49.701588
2204;47.144814
2205;47.286457
2206;49.151237
2207;41.050423
2208;43.970524
2209;45.114388
2210;47.639984
2211;44.260296
2212;44.05648
2213;44.707203
2214;43.665627
2215;44.621597
2216;46.453102
2217;48.002316
2218;48.507095
2219;48.668793
2220;50.43008
2221;43.938946
2222;47.739037
2223;46.534935
2224;47.992203
2225;45.948784
2226;45.295555
2227;47.480183
2228;45.10575
2229;47.190445
2230;44.124935
2231;46.143154
2232;46.265343
2233;43.436253
2234;48.480152
2235;53.660892
2236;49.44938
2237;48.82268
2238;44.027977
2239;45.037086
2240;46.575943
2241;46.488773
2242;45.927174
2243;41.255745
2244;47.26761
2245;47.82862
2246;40.473576
2247;45.513054
2248;46.862057
2249;45.462868
2250;45.419754
2251;46.898453
2252;45.84899
2253;50.25645
2254;46.51219
2255;47.56618
2256;43.627453
2257;47.108963
2258;53.369057
2259;50.15605
2260;42.49426
2261;44.027733
2262;41.364002
2263;40.86624
2264;41.36057
2265;42.782097
2266;45.62986
2267;48.833267
2268;45.165825
2269;46.194077
2270;51.501884
2271;49.484245
2272;45.177757
2273;45.38171
2274;47.74331
2275;49.98639
2276;48.12977
2277;48.728714
2278;38.736786
2279;48.34381
2280;46.107162
2281;44.200386
2282;45.380203
2283;45.156384
2284;46.139523
2285;46.819508
2286;44.111908
2287;46.138912
2288;42.734993
2289;48.066277
2290;43.708836
2291;47.358665
2292;50.94412
2293;42.32746
2294;44.57816
2295;45.48497
2296;45.929993
2297;48.550316
2298;47.880184
2299;46.942688
2300;51.43818
2301;45.61733
2302;46.98542
2303;50.04605
2304;42.23816
2305;42.784515
2306;47.37225
2307;47.863632
2308;43.429283
2309;45.40517
2310;45.204414
2311;44.89742
2312;46.30686
2313;46.46358
2314;42.74514
2315;42.237316
2316;46.136856
2317;47.787476
2318;47.40033
2319;45.97875
2320;43.029144
2321;43.884262
2322;46.802414
2323;45.448128
2324;43.40265
2325;46.316204
2326;46.738144
2327;42.3752
2328;43.71367
2329;42.18196
2330;44.36207
2331;42.051758
2332;46.451954
2333;45.704346
2334;51.26487
2335;38.969532
2336;40.782997
2337;42.91972
2338;39.764824
2339;48.774208
2340;49.861916
2341;42.69265
2342;43.511665
2343;48.3598
2344;40.51358
2345;51.283573
2346;46.829544
2347;46.620037
2348;45.246395
2349;46.57058
2350;42.93289
2351;41.20973
2352;47.864433
2353;50.508514
2354;50.25113
2355;50.083958
2356;46.376083
2357;46.00986
2358;44.576626
2359;44.33767
2360;44.595764
2361;46.52492
2362;42.874363
2363;46.889744
2364;43.436768
2365;47.15341
2366;42.66877
2367;46.170807
2368;44.48783
2369;45.01894
2370;48.42616
2371;45.453335
2372;49.751743
2373;45.208817
2374;47.959126
2375;47.31594
2376;46.41254
2377;50.05269
2378;48.3952
2379;46.933456
2380;44.783348
2381;45.797848
2382;47.205936
2383;48.20804
2384;43.86644
2385;42.565254
2386;46.03357
2387;45.429848
2388;44.04017
2389;40.426308
2390;43.88033
2391;46.02865
2392;48.620773
2393;47.42551
2394;46.016525
2395;40.186077
2396;44.84125
2397;45.80763
2398;45.42842
2399;45.172005
2400;45.714813
2401;44.931007
2402;47.81067
2403;46.34514
2404;52.197372
2405;46.2725
2406;40.78739
2407;47.39136
2408;39.581757
2409;47.71573
2410;44.13264
2411;46.35893
2412;45.85621
2413;42.33853
2414;47.194904
2415;44.634155
2416;41.660152
2417;47.23983
2418;39.94715
2419;45.738167
2420;43.555656
2421;39.078598
2422;45.506626
2423;44.16729
2424;45.025814
2425;41.67488
2426;43.17832
2427;45.82032
2428;41.945587
2429;47.206093
2430;42.9889
2431;40.016567
2432;41.759567
2433;46.228867
2434;43.538795
2435;46.16096
2436;45.55779
2437;41.280216
2438;44.086823
2439;44.881287
2440;44.41111
2441;44.271236
2442;46.65212
2443;46.71415
2444;43.218605
2445;43.38412
2446;44.642567
2447;53.732483
2448;40.099392
2449;45.508625
2450;43.10816
2451;44.648216
2452;46.804146
2453;44.05073
2454;49.27732
2455;48.77617
2456;47.160744
2457;47.272663
2458;47.64722
2459;46.15546
2460;44.992886
2461;44.38986
2462;42.357857
2463;44.626633
2464;50.93507
2465;43.752094
2466;46.681316
2467;39.858044
2468;44.207283
2469;41.31649
2470;42.81764
2471;46.653107
2472;48.15355
2473;44.444157
2474;41.53293
2475;46.034904
2476;43.52394
2477;43.91585
2478;39.461037
2479;47.501007
2480;39.32872
2481;45.72764
2482;48.540955
2483;50.221046
2484;46.134926
2485;45.482456
2486;39.290085
2487;44.63015
2488;45.322613
2489;39.5137
2490;44.629555
2491;46.761658
2492;39.85504
2493;45.02378
2494;42.956886
2495;45.96736
2496;40.432476
2497;44.937675
2498;48.926037
2499;46.57474
2500;45.998383
2501;42.11538
2502;44.372246
2503;44.127144
2504;41.22036
2505;47.697117
2506;43.696514
2507;41.979813
2508;43.071625
2509;47.02981
2510;41.534187
2511;39.360916
2512;43.429527
2513;44.220127
2514;46.34568
2515;45.53403
2516;43.078613
2517;44.046143
2518;43.74264
2519;42.77913
2520;45.16984
2521;44.057125
2522;42.55481
2523;45.30639
2524;42.177666
2525;46.0531
2526;43.563046
2527;44.495903
2528;40.715042
2529;39.50471
2530;43.025967
2531;44.511887
2532;43.01401
2533;44.795555
2534;49.724796
2535;42.98496
2536;44.41059
2537;49.128426
2538;43.15818
2539;41.9994
2540;41.86014
2541;43.49991
2542;38.19514
2543;46.555824
2544;44.62107
2545;49.003796
2546;43.41311
2547;41.8253
2548;44.41777
2549;43.910957
2550;43.44426
2551;50.820763
2552;40.65577
2553;46.14936
2554;43.347275
2555;42.98742
2556;47.85652
2557;48.201263
2558;43.07284
2559;40.202847
2560;46.224712
2561;44.98724
2562;41.71878
2563;45.422462
2564;43.01874
2565;45.327473
2566;40.57025
2567;43.895184
2568;41.283405
2569;41.808083
2570;42.198788
2571;44.031776
2572;42.973328
2573;44.931084
2574;41.661446
2575;40.860615
2576;46.09045
2577;45.934086
2578;43.675613
2579;43.138943
2580;39.270126
2581;43.187347
2582;40.017246
2583;40.86748
2584;44.47709
2585;44.889214
2586;45.819733
2587;47.27994
2588;42.859364
2589;41.754143
2590;44.35429
2591;42.392883
2592;44.71002
2593;44.24987
2594;42.878723
2595;45.693047
2596;41.84816
2597;43.540855
2598;42.333736
2599;40.363068
2600;38.61014
2601;49.20918
2602;44.07511
2603;40.85117
2604;43.346912
2605;41.40162
2606;40.863754
2607;41.345306
2608;47.6991
2609;40.664616
2610;44.10117
2611;44.16156
2612;46.8518
2613;45.278652
2614;43.697647
2615;41.08538
2616;45.89616
2617;45.928806
2618;43.868233
2619;43.586884
2620;42.577797
2621;41.9682
2622;38.938778
2623;41.893295
2624;40.756813
2625;45.9395
2626;44.480366
2627;45.089878
2628;45.37106
2629;42.19698
2630;42.701485
2631;43.778053
2632;39.73584
2633;41.52549
2634;41.931522
2635;45.631447
2636;48.17504
2637;40.528862
2638;40.767212
2639;42.76645
2640;42.396812
2641;41.987835
2642;43.396175
2643;43.584457
2644;42.056004
2645;41.27766
2646;41.827618
2647;41.782272
2648;44.5768
2649;43.42328
2650;39.930897
2651;40.845512
2652;40.236603
2653;41.96696
2654;46.570366
2655;40.88679
2656;38.95864
2657;47.9076
2658;42.909454
2659;40.6199
2660;41.391026
2661;43.53527
2662;42.456814
2663;40.542465
2664;41.408646
2665;40.813484
2666;40.28102
2667;42.46062
2668;39.957596
2669;41.74172
2670;44.885
2671;45.791733
2672;40.505867
2673;42.227787
2674;38.59722
2675;44.89776
2676;42.706657
2677;37.194008
2678;40.688896
2679;43.16346
2680;39.450672
2681;44.10015
2682;39.372902
2683;41.8736
2684;46.767883
2685;46.699963
2686;43.387638
2687;42.336018
2688;41.978466
2689;43.274117
2690;43.177143
2691;41.587048
2692;41.6356
2693;41.30416
2694;39.367126
2695;37.642082
2696;44.340794
2697;40.50156
2698;39.591145
2699;41.157486
2700;43.75625
2701;43.344254
2702;43.26215
2703;43.298046
2704;46.11256
2705;43.92775
2706;45.689404
2707;45.40603
2708;43.070694
2709;40.6716
2710;44.76834
2711;40.258625
2712;40.541115
2713;43.80036
2714;42.259148
2715;44.221542
2716;42.33979
2717;43.009277
2718;42.731014
2719;43.703323
2720;46.15889
2721;42.23401
2722;45.607624
2723;46.729713
2724;40.530846
2725;45.920578
2726;43.945137
2727;43.783455
2728;38.294395
2729;39.19555
2730;44.39122
2731;39.74124
2732;42.035698
2733;42.768406
2734;45.31075
2735;44.585976
2736;41.08812
2737;45.89007
2738;40.704803
2739;37.590874
2740;45.886337
2741;42.81645
2742;39.239395
2743;44.226635
2744;41.834885
2745;44.50907
2746;44.834625
2747;39.443905
2748;40.79521
2749;40.895073
2750;37.10639
2751;38.79496
2752;40.662796
2753;39.694584
2754;41.40091
2755;45.00754
2756;44.39827
2757;45.75714
2758;42.899685
2759;40.510857
2760;41.17134
2761;40.34514
2762;41.884037
2763;44.534378
2764;40.893135
2765;37.934464
2766;41.545322
2767;40.569714
2768;39.48802
2769;46.627766
2770;45.19358
2771;44.915043
2772;39.613716
2773;40.962784
2774;43.82923
2775;44.641342
2776;41.6639
2777;43.134968
2778;39.926666
2779;44.763992
2780;43.61747
2781;41.311394
2782;41.139824
2783;39.744274
2784;40.61537
2785;42.267822
2786;41.9541
2787;44.796776
2788;42.47309
2789;39.561783
2790;40.757385
2791;42.05762
2792;44.7332
2793;43.08126
2794;41.6953
2795;41.028305
2796;40.99109
2797;45.29278
2798;42.843193
2799;41.238068
2800;43.538013
2801;42.026077
2802;42.294693
2803;44.401035
2804;43.235386
2805;38.83245
2806;40.798325
2807;43.823994
2808;41.206043
2809;43.51095
2810;39.552273
2811;37.23436
2812;42.701443
2813;41.76184
2814;41.673615
2815;46.84556
2816;44.5642
2817;37.36297
2818;42.108017
2819;44.4189
2820;43.536156
2821;44.27413
2822;39.585884
2823;38.50453
2824;41.622864
2825;43.410408
2826;44.3648
2827;46.955154
2828;44.142982
2829;41.755272
2830;41.170734
2831;41.3687
2832;41.172745
2833;43.70627
2834;42.96081
2835;44.56127
2836;37.622528
2837;45.780693
2838;42.99018
2839;41.284187
2840;40.93035
2841;41.617794
2842;41.022415
2843;42.597076
2844;39.79949
2845;40.336746
2846;42.93628
2847;40.287006
2848;44.18118
2849;40.61971
2850;39.59839
2851;39.545002
2852;41.412834
2853;44.949986
2854;41.074837
2855;39.854973
2856;38.36005
2857;41.403713
2858;40.198135
2859;43.635956
2860;42.632385
2861;38.852585
2862;40.15989
2863;43.060143
2864;41.728443
2865;39.25081
2866;41.003838
2867;38.46086
2868;41.1677
2869;43.92642
2870;39.963913
2871;43.1306
2872;38.440742
2873;41.490993
2874;42.121338
2875;37.396805
2876;37.672215
2877;39.222248
2878;44.092125
2879;38.828903
2880;41.16068
2881;41.90572
2882;41.677315
2883;38.281723
2884;40.191246
2885;39.142296
2886;40.35401
2887;40.196804
2888;39.22323
2889;44.70636
2890;40.077286
2891;41.799248
2892;40.58956
2893;39.281044
2894;39.31624
2895;41.15004
2896;36.643143
2897;41.891197
2898;41.751816
2899;38.79139
2900;40.435432
2901;42.466145
2902;39.261345
2903;42.39423
2904;39.742455
2905;39.052082
2906;43.683094
2907;39.120567
2908;39.276497
2909;44.243244
2910;41.528114
2911;40.188072
2912;41.220627
2913;39.395203
2914;43.32181
2915;44.993134
2916;40.098804
2917;40.548428
2918;43.447327
2919;38.475998
2920;38.83946
2921;38.976288
2922;43.076122
2923;39.35148
2924;41.594337
2925;43.700817
2926;40.170692
2927;41.751034
2928;41.235905
2929;42.303307
2930;41.96103
2931;41.200485
2932;42.988297
2933;39.406876
2934;38.537407
2935;39.758797
2936;41.33115
2937;43.337917
2938;42.384804
2939;40.377815
2940;38.117546
2941;42.38575
2942;38.472267
2943;42.049484
2944;41.695564
2945;41.980934
2946;42.86483
2947;43.211517
2948;38.073204
2949;38.87378
2950;37.858315
2951;38.950283
2952;37.71194
2953;40.5244
2954;35.51909
2955;41.657887
2956;37.91405
2957;44.256935
2958;38.294228
2959;38.43011
2960;43.24456
2961;37.292313
2962;47.10067
2963;46.284004
2964;37.113506
2965;42.227894
2966;37.525925
2967;39.119637
2968;43.6455
2969;37.60485
2970;37.8349
2971;44.131695
2972;42.333557
2973;42.72982
2974;39.16553
2975;44.824665
2976;38.694202
2977;38.01097
2978;41.009644
2979;41.70632
2980;43.20219
2981;40.3625
2982;38.94689
2983;42.51904
2984;41.850426
2985;41.860332
2986;38.587578
2987;40.134285
2988;42.868816
2989;39.67772
2990;43.555416
2991;41.248123
2992;41.132652
2993;39.874702
2994;41.129986
2995;42.627266
2996;37.575996
2997;42.641678
2998;43.282475
2999;42.828987
3000;42.0507
3001;38.999863
3002;40.746513
3003;39.824528
3004;37.359585
3005;37.799446
3006;39.338615
3007;38.160736
3008;44.096996
3009;42.697052
3010;42.30171
3011;42.583794
3012;38.639675
3013;40.245995
3014;38.052467
3015;41.580746
3016;43.39616
3017;44.157642
3018;40.674118
3019;38.57179
3020;40.20559
3021;37.499958
3022;41.74135
3023;38.905083
3024;37.648132
3025;43.338676
3026;41.29807
3027;42.44906
3028;38.463882
3029;39.131794
3030;38.810944
3031;40.312347
3032;41.367676
3033;41.02515
3034;40.2718
3035;41.934814
3036;40.286148
3037;44.49237
3038;47.05512
3039;38.577724
3040;44.636715
3041;41.186367
3042;41.919468
3043;41.577805
3044;40.769066
3045;42.324974
3046;41.623726
3047;45.59358
3048;40.3357
3049;44.001614
3050;39.75301
3051;42.736794
3052;40.5757
3053;45.388355
3054;42.816673
3055;39.69134
3056;43.122417
3057;40.805878
3058;38.963074
3059;40.167946
3060;39.556328
3061;39.213547
3062;37.440506
3063;40.475094
3064;38.428753
3065;40.561512
3066;44.130302
3067;40.107025
3068;41.856777
3069;41.108604
3070;44.441566
3071;40.248196
3072;38.55565
3073;42.990177
3074;38.744476
3075;40.408684
3076;40.854202
3077;37.559372
3078;37.501648
3079;46.651688
3080;38.730583
3081;44.411663
3082;38.55516
3083;45.01438
3084;39.932095
3085;38.219772
3086;36.229702
3087;39.46618
3088;39.101776
3089;38.501793
3090;39.17012
3091;40.34689
3092;39.104263
3093;40.704704
3094;41.23346
3095;43.373585
3096;40.775436
3097;40.11977
3098;40.936226
3099;37.21311
3100;41.47509
3101;42.452248
3102;40.083054
3103;41.510693
3104;38.47395
3105;40.720238
3106;44.01863
3107;41.861664
3108;38.7535
3109;40.376266
3110;42.02851
3111;43.203033
3112;40.05443
3113;41.68126
3114;41.67771
3115;40.738052
3116;40.744545
3117;38.196762
3118;42.44511
3119;40.664295
3120;43.733994
3121;36.76255
3122;45.863228
3123;41.93406
3124;38.392544
3125;40.89392
3126;41.289845
3127;42.776222
3128;42.245525
3129;41.25791
3130;40.099064
3131;41.934135
3132;36.718857
3133;42.9237
3134;40.366493
3135;44.05493
3136;41.060486
3137;37.199303
3138;44.595634
3139;40.468414
3140;42.238716
3141;41.176456
3142;36.532127
3143;40.071
3144;41.46463
3145;39.59971
3146;43.116444
3147;43.49629
3148;37.96283
3149;42.21625
3150;39.73552
3151;38.791992
3152;40.2285
3153;40.665367
3154;41.3033
3155;39.747917
3156;38.407253
3157;39.1586
3158;40.57542
3159;38.742176
3160;42.340023
3161;39.6465
3162;41.460316
3163;43.02842
3164;39.99344
3165;40.808777
3166;41.285812
3167;42.365044
3168;37.362488
3169;42.112198
3170;39.5707
3171;37.50193
3172;43.36698
3173;35.556423
3174;39.62874
3175;41.3643
3176;39.538933
3177;41.74404
3178;37.822147
3179;39.196518
3180;40.309166
3181;43.97049
3182;36.810547
3183;39.22543
3184;38.130077
3185;37.899765
3186;40.968567
3187;38.082336
3188;38.229874
3189;40.678596
3190;41.213318
3191;42.569695
3192;41.364838
3193;38.29519
3194;41.568665
3195;39.089813
3196;43.295048
3197;40.697872
3198;38.270844
3199;42.48462
3200;39.90271
3201;41.050026
3202;40.500023
3203;41.296196
3204;40.8936
3205;38.15337
3206;41.335728
3207;40.846073
3208;40.32966
3209;42.297493
3210;43.306797
3211;37.750153
3212;38.326126
3213;40.01838
3214;40.220627
3215;38.24092
3216;37.23904
3217;44.5308
3218;38.073986
3219;38.710773
3220;38.99266
3221;42.4372
3222;43.42858
3223;45.709534
3224;38.71263
3225;38.105896
3226;39.545906
3227;41.879025
3228;39.83464
3229;44.010834
3230;40.608696
3231;37.835472
3232;38.521225
3233;39.22765
3234;39.480873
3235;38.783913
3236;42.21304
3237;34.91626
3238;38.93985
3239;43.285023
3240;37.875725
3241;37.409447
3242;37.563046
3243;40.021866
3244;34.79624
3245;40.59099
3246;38.175488
3247;37.472824
3248;39.703312
3249;44.18519
3250;39.102783
3251;40.622803
3252;38.866028
3253;39.099052
3254;38.696205
3255;39.867455
3256;38.84081
3257;42.56029
3258;39.39887
3259;41.375587
3260;39.582382
3261;40.13518
3262;37.100227
3263;38.629593
3264;37.029427
3265;40.659973
3266;41.514694
3267;40.892155
3268;40.609734
3269;40.848976
3270;33.27644
3271;42.190826
3272;40.865044
3273;41.895702
3274;38.720116
3275;38.648468
3276;41.65741
3277;40.262657
3278;39.328983
3279;41.294502
3280;37.616634
3281;41.057472
3282;42.704777
3283;35.827465
3284;43.43452
3285;41.20085
3286;40.586617
3287;42.620453
3288;43.080757
3289;40.009697
3290;38.96686
3291;38.46134
3292;39.918434
3293;41.819756
3294;40.398132
3295;40.604256
3296;38.00949
3297;39.38328
3298;44.049385
3299;38.209354
3300;40.1362
3301;42.911472
3302;41.312542
3303;36.977943
3304;37.655117
3305;41.493484
3306;38.924095
3307;35.59737
3308;36.974667
3309;39.657745
3310;43.25258
3311;38.725063
3312;40.327362
3313;40.619522
3314;39.878014
3315;39.998592
3316;40.68692
3317;40.84531
3318;41.22247
3319;41.536392
3320;40.864025
3321;39.324226
3322;34.883766
3323;39.142124
3324;39.818317
3325;35.49575
3326;41.73123
3327;42.611534
3328;40.623875
3329;38.42939
3330;36.64158
3331;39.803467
3332;42.280724
3333;41.70536
3334;39.247375
3335;41.420517
3336;42.21794
3337;40.109917
3338;36.04722
3339;41.31963
3340;40.629448
3341;38.890892
3342;42.889847
3343;37.166725
3344;40.805107
3345;39.47605
3346;38.8254
3347;39.914677
3348;41.260704
3349;40.26244
3350;37.213936
3351;37.903904
3352;37.8776
3353;38.095314
3354;42.59039
3355;41.044067
3356;38.059147
3357;39.528023
3358;40.481415
3359;40.039017
3360;40.01442
3361;39.481236
3362;39.2558
3363;39.425297
3364;37.281975
3365;41.466846
3366;40.892612
3367;38.89904
3368;37.68424
3369;37.24134
3370;39.84279
3371;36.373005
3372;40.988586
3373;40.835106
3374;38.213905
3375;38.51619
3376;37.77598
3377;41.41366
3378;39.03835
3379;38.620823
3380;41.003265
3381;35.445755
3382;38.682434
3383;40.879276
3384;38.849167
3385;41.48284
3386;41.38434
3387;39.99627
3388;38.60742
3389;39.398254
3390;42.6346
3391;39.307327
3392;39.354996
3393;41.386795
3394;36.732452
3395;38.12371
3396;42.172733
3397;45.36231
3398;40.67335
3399;39.419
3400;37.07012
3401;40.20587
3402;41.224274
3403;40.932316
3404;37.494522
3405;40.622192
3406;37.40075
3407;38.317947
3408;38.384186
3409;36.484665
3410;39.20604
3411;36.927006
3412;38.508026
3413;40.481792
3414;38.92769
3415;39.16977
3416;39.89802
3417;36.018127
3418;36.457886
3419;38.139397
3420;41.484844
3421;39.981136
3422;37.204754
3423;43.592346
3424;40.454784
3425;41.56317
3426;38.70658
3427;39.658394
3428;37.36419
3429;39.168304
3430;39.623886
3431;40.80613
3432;38.036118
3433;39.22827
3434;36.678562
3435;40.35264
3436;36.417526
3437;40.656654
3438;39.77179
3439;38.344925
3440;41.624573
3441;36.999596
3442;39.68917
3443;37.943825
3444;40.701263
3445;40.773506
3446;37.511036
3447;40.019047
3448;41.65882
3449;37.605183
3450;38.131855
3451;39.249718
3452;39.360653
3453;38.849144
3454;42.15451
3455;37.28261
3456;42.07173
3457;37.787827
3458;39.376022
3459;38.02568
3460;38.573177
3461;40.86653
3462;37.90114
3463;40.00376
3464;39.118073
3465;40.8384
3466;37.872482
3467;37.10685
3468;40.612118
3469;40.136066
3470;34.61335
3471;41.17224
3472;42.128662
3473;36.723072
3474;39.88788
3475;41.008076
3476;37.812275
3477;38.902885
3478;37.35536
3479;37.062035
3480;40.81402
3481;38.283016
3482;38.781746
3483;39.2735
3484;38.390896
3485;37.6683
3486;39.5275
3487;38.369915
3488;37.398643
3489;38.48301
3490;36.725273
3491;39.956413
3492;39.26087
3493;37.41942
3494;38.380913
3495;38.016705
3496;40.44934
3497;38.373684
3498;39.484287
3499;35.46498
3500;33.917744
3501;38.965942
3502;40.591194
3503;36.360413
3504;35.76647
3505;37.2901
3506;38.580994
3507;36.8259
3508;36.035202
3509;39.861023
3510;33.178543
3511;38.562965
3512;40.372932
3513;40.814163
3514;39.097157
3515;36.152176
3516;40.877483
3517;34.07346
3518;41.353165
3519;39.85307
3520;37.554214
3521;39.475067
3522;38.334618
3523;38.8407
3524;39.873985
3525;40.968323
3526;35.945633
3527;36.76046
3528;35.63213
3529;40.9015
3530;38.77104
3531;41.578445
3532;39.43146
3533;39.838024
3534;41.271736
3535;35.65871
3536;40.39837
3537;44.487762
3538;41.84727
3539;40.206635
3540;39.364933
3541;37.277977
3542;36.751152
3543;39.191055
3544;38.572968
3545;38.09011
3546;37.478485
3547;42.616608
3548;38.326813
3549;40.09478
3550;38.547665
3551;37.77813
3552;38.05172
3553;37.52719
3554;38.26478
3555;38.80683
3556;39.163746
3557;39.15474
3558;38.84738
3559;42.022137
3560;39.242313
3561;39.10451
3562;41.70672
3563;38.499775
3564;41.389404
3565;39.9319
3566;38.014412
3567;38.94111
3568;39.239384
3569;39.819473
3570;41.766685
3571;39.0857
3572;42.122643
3573;42.321278
3574;39.927834
3575;39.040268
3576;39.12954
3577;41.05584
3578;40.868477
3579;37.823544
3580;38.92744
3581;39.975895
3582;39.44587
3583;41.893394
3584;39.283623
3585;40.6641
3586;39.299694
3587;38.424076
3588;38.694412
3589;39.58551
3590;41.722313
3591;36.1454
3592;38.9073
3593;36.463837
3594;40.196526
3595;38.96325
3596;41.869698
3597;39.77198
3598;39.927616
3599;40.078987
3600;39.211243
3601;38.666794
3602;40.549957
3603;38.643333
3604;38.27456
3605;38.364964
3606;39.31987
3607;41.33117
3608;38.330704
3609;40.598732
3610;37.050667
3611;37.335308
3612;36.825417
3613;36.21256
3614;37.14955
3615;38.99459
3616;36.244125
3617;39.178864
3618;39.320274
3619;35.36675
3620;35.78234
3621;38.592308
3622;35.364826
3623;41.440575
3624;39.833664
3625;35.13237
3626;38.75213
3627;40.63704
3628;37.661617
3629;35.410667
3630;40.32705
3631;37.325413
3632;39.52002
3633;36.575695
3634;39.2365
3635;38.99376
3636;42.613583
3637;38.13244
3638;40.074333
3639;38.89389
3640;39.30053
3641;41.303814
3642;40.046883
3643;39.03843
3644;40.139267
3645;36.524216
3646;40.14007
3647;39.28656
3648;37.833466
3649;40.667816
3650;41.261654
3651;36.42422
3652;38.01359
3653;40.947426
3654;41.9921
3655;37.851784
3656;38.76664
3657;37.757732
3658;37.630898
3659;41.303574
3660;39.207764
3661;37.284836
3662;37.60603
3663;41.456436
3664;37.59246
3665;39.156673
3666;40.126907
3667;38.307854
3668;41.73786
3669;34.83569
3670;36.6525
3671;39.58258
3672;36.71265
3673;38.22326
3674;38.057587
3675;33.77176
3676;36.888428
3677;40.909904
3678;42.302334
3679;37.456306
3680;38.82135
3681;42.511883
3682;35.363716
3683;38.36168
3684;37.017933
3685;36.892784
3686;37.011696
3687;42.57877
3688;38.997498
3689;38.615585
3690;38.59763
3691;39.888344
3692;37.95311
3693;40.75154
3694;38.215652
3695;39.241543
3696;37.433327
3697;38.9553
3698;37.443962
3699;35.012314
3700;38.94363
3701;39.388016
3702;37.63221
3703;39.970684
3704;36.00403
3705;40.009636
3706;38.243347
3707;41.02528
3708;36.975845
3709;37.01837
3710;38.455696
3711;38.6465
3712;37.39112
3713;37.577538
3714;40.670414
3715;37.044834
3716;37.57789
3717;36.867214
3718;39.741932
3719;39.69873
3720;39.299133
3721;37.657497
3722;35.20098
3723;37.76597
3724;38.153545
3725;39.064392
3726;42.534355
3727;37.3733
3728;40.26543
3729;37.901676
3730;36.256042
3731;38.459396
3732;37.64001
3733;34.988636
3734;33.472855
3735;34.45768
3736;40.06671
3737;38.874588
3738;42.916203
3739;40.304478
3740;37.31646
3741;36.440136
3742;39.980686
3743;39.66669
3744;37.721188
3745;39.27892
3746;38.91854
3747;38.4656
3748;36.94842
3749;37.44019
3750;36.94137
3751;38.660694
3752;37.752647
3753;39.54083
3754;39.15465
3755;37.528877
3756;39.05294
3757;35.31745
3758;36.438103
3759;35.0582
3760;37.66693
3761;41.617065
3762;38.76094
3763;36.453827
3764;38.64898
3765;39.272896
3766;40.221535
3767;38.08812
3768;39.154022
3769;39.360905
3770;39.480774
3771;37.665432
3772;36.61573
3773;41.135124
3774;36.33252
3775;35.220505
3776;41.49258
3777;37.647827
3778;40.558357
3779;36.147427
3780;39.127205
3781;38.93328
3782;38.477474
3783;39.176765
3784;38.48494
3785;39.063046
3786;36.33766
3787;34.603455
3788;39.715714
3789;41.43452
3790;36.908504
3791;38.547867
3792;40.475384
3793;35.566696
3794;41.363384
3795;39.299927
3796;39.44065
3797;38.67315
3798;37.53787
3799;40.312927
3800;39.961334
3801;38.269035
3802;38.135796
3803;36.6507
3804;39.404957
3805;40.21989
3806;38.452156
3807;42.15792
3808;36.76424
3809;38.448944
3810;41.222313
3811;40.52566
3812;36.10669
3813;37.62918
3814;39.759956
3815;35.916187
3816;42.10362
3817;36.04357
3818;38.56898
3819;39.224358
3820;38.165955
3821;35.770897
3822;40.52417
3823;41.427895
3824;34.699177
3825;39.410606
3826;40.986046
3827;39.49652
3828;37.80529
3829;40.658623
3830;37.92475
3831;39.00815
3832;39.94587
3833;37.971645
3834;36.756966
3835;39.451073
3836;39.01233
3837;35.125546
3838;38.64547
3839;39.27157
3840;37.837822
3841;39.194607
3842;39.30499
3843;36.88707
3844;39.09428
3845;39.726883
3846;39.71442
3847;39.855972
3848;39.16266
3849;36.9877
3850;34.257267
3851;39.03156
3852;37.08686
3853;36.978783
3854;40.70862
3855;35.79663
3856;37.947807
3857;38.46666
3858;38.236465
3859;36.182503
3860;39.97352
3861;42.073715
3862;38.577293
3863;41.64189
3864;41.663063
3865;35.322647
3866;41.146008
3867;38.00453
3868;37.928978
3869;40.318512
3870;36.281372
3871;42.04283
3872;33.14487
3873;39.490707
3874;37.356987
3875;37.76322
3876;39.55813
3877;41.38746
3878;39.67254
3879;37.428078
3880;35.5501
3881;36.619686
3882;38.38977
3883;38.271976
3884;38.46114
3885;32.336044
3886;37.926212
3887;38.239372
3888;36.67542
3889;38.36942
3890;37.971245
3891;34.81533
3892;36.27763
3893;36.470863
3894;40.626026
3895;39.515614
3896;39.552204
3897;35.923843
3898;38.495224
3899;37.535072
3900;37.75286
3901;36.7055
3902;39.088737
3903;35.42508
3904;38.028793
3905;37.90985
3906;37.331345
3907;37.329716
3908;34.41719
3909;39.0307
3910;40.91588
3911;34.17678
3912;40.322754
3913;39.825127
3914;39.3384
3915;36.32184
3916;37.403164
3917;38.1243
3918;38.66049
3919;37.888016
3920;38.41817
3921;41.395103
3922;36.61682
3923;39.995594
3924;37.356277
3925;38.091755
3926;37.14187
3927;36.819176
3928;39.21115
3929;38.540104
3930;37.582348
3931;35.751366
3932;40.185043
3933;35.78135
3934;38.18092
3935;35.288055
3936;39.182907
3937;37.396908
3938;36.350487
3939;39.613083
3940;36.06482
3941;39.595577
3942;38.121216
3943;37.32193
3944;38.303165
3945;40.241776
3946;39.05484
3947;36.764885
3948;38.123684
3949;38.556988
3950;34.87104
3951;37.20234
3952;39.4569
3953;38.03237
3954;38.257076
3955;39.03009
3956;37.310802
3957;37.81147
3958;34.861076
3959;37.56473
3960;39.24659
3961;36.440113
3962;37.498
3963;40.376255
3964;37.169235
3965;38.307434
3966;36.66541
3967;36.45597
3968;39.716175
3969;39.607574
3970;38.938248
3971;36.81358
3972;37.00494
3973;38.612587
3974;41.32189
3975;39.358383
3976;39.50745
3977;36.80452
3978;42.72409
3979;38.822823
3980;38.647964
3981;36.26619
3982;40.867195
3983;39.003628
3984;39.811913
3985;40.32277
3986;37.196312
3987;38.526203
3988;34.835087
3989;39.801926
3990;38.62279
3991;39.669174
3992;37.834835
3993;37.98349
3994;40.910336
3995;39.402153
3996;38.977543
3997;37.631775
3998;39.0782
3999;37.534836
4000;36.58185
4001;37.84817
4002;38.68821
4003;36.756405
4004;39.333344
4005;35.45358
4006;35.584263
4007;36.602386
4008;38.797688
4009;39.921993
4010;37.08278
4011;38.851707
4012;37.35415
4013;37.580914
4014;33.72263
4015;37.30688
4016;40.080894
4017;39.22262
4018;35.42319
4019;38.71567
4020;37.4943
4021;36.126606
4022;39.70336
4023;36.851604
4024;39.240685
4025;38.579315
4026;40.58897
4027;37.506332
4028;37.371086
4029;36.08112
4030;37.10657
4031;39.76251
4032;36.13465
4033;36.7196
4034;39.602528
4035;38.29558
4036;38.416817
4037;37.997196
4038;39.378822
4039;36.680397
4040;37.652008
4041;39.668205
4042;36.70446
4043;38.707764
4044;43.093132
4045;40.012535
4046;41.22769
4047;35.1057
4048;31.943768
4049;39.69993
4050;38.79616
4051;36.68502
4052;39.28185
4053;38.390656
4054;35.79919
4055;41.929115
4056;39.306396
4057;39.75623
4058;36.317474
4059;41.342228
4060;39.53199
4061;35.519764
4062;40.04837
4063;38.806126
4064;41.172203
4065;39.28089
4066;35.910664
4067;36.371
4068;38.651825
4069;39.262344
4070;36.166683
4071;34.654007
4072;39.044197
4073;37.11167
4074;38.314384
4075;37.084248
4076;37.065727
4077;38.864624
4078;35.359898
4079;36.990425
4080;37.44686
4081;36.762447
4082;37.63987
4083;36.124294
4084;37.010765
4085;37.288727
4086;37.9293
4087;37.214043
4088;38.90866
4089;38.599228
4090;37.641304
4091;37.294445
4092;38.788918
4093;38.59996
4094;37.36678
4095;40.947205
4096;35.529446
4097;36.156754
4098;37.361702
4099;35.044094
4100;36.455315
4101;36.631744
4102;36.572495
4103;38.01442
4104;38.66085
4105;36.53547
4106;36.155716
4107;36.734867
4108;41.8011
4109;42.155357
4110;41.64186
4111;36.34983
4112;38.630405
4113;36.23235
4114;38.73256
4115;38.015743
4116;36.600174
4117;39.47135
4118;33.987976
4119;42.54136
4120;36.16389
4121;37.657684
4122;36.01122
4123;38.774017
4124;36.970924
4125;33.763992
4126;38.329884
4127;36.534035
4128;41.54895
4129;36.55802
4130;39.015717
4131;35.016956
4132;34.782627
4133;39.768837
4134;38.178047
4135;41.007538
4136;37.125282
4137;39.92903
4138;38.015266
4139;37.992924
4140;40.19252
4141;37.085308
4142;38.702187
4143;37.979187
4144;35.770683
4145;37.166245
4146;37.19769
4147;39.599937
4148;37.43873
4149;36.453796
4150;39.13979
4151;37.201355
4152;38.138447
4153;40.341446
4154;40.125237
4155;39.256207
4156;37.59057
4157;32.70038
4158;36.719803
4159;37.83948
4160;38.30658
4161;38.468246
4162;40.45104
4163;38.078857
4164;38.549603
4165;38.0349
4166;37.03761
4167;35.907227
4168;36.021122
4169;39.30678
4170;37.717293
4171;38.95349
4172;39.417904
4173;40.008194
4174;40.440895
4175;40.89295
4176;35.22471
4177;38.819603
4178;37.8854
4179;35.96702
4180;38.036366
4181;38.05591
4182;36.985016
4183;38.637497
4184;39.34713
4185;37.81491
4186;36.24971
4187;36.975624
4188;36.76678
4189;38.244286
4190;37.214775
4191;38.304733
4192;38.384567
4193;36.933823
4194;37.367874
4195;34.339508
4196;38.176098
4197;38.341972
4198;36.398884
4199;39.286022
4200;37.69442
4201;39.727394
4202;36.685055
4203;38.953514
4204;38.222202
4205;39.741493
4206;34.941727
4207;34.758743
4208;38.500786
4209;40.20865
4210;35.57355
4211;38.34659
4212;36.276337
4213;36.414375
4214;35.983665
4215;33.46919
4216;35.844856
4217;35.920586
4218;36.260666
4219;39.852806
4220;36.818466
4221;36.7596
4222;37.366188
4223;37.021774
4224;39.75483
4225;36.503098
4226;36.769188
4227;37.55024
4228;40.052246
4229;36.46936
4230;37.89564
4231;37.98445
4232;37.50346
4233;35.378742
4234;33.182877
4235;39.85958
4236;35.743416
4237;38.632034
4238;36.01105
4239;34.118965
4240;36.30916
4241;36.22245
4242;36.40783
4243;36.240845
4244;34.529385
4245;37.55699
4246;35.49469
4247;37.988335
4248;35.57814
4249;37.043304
4250;40.97249
4251;40.991524
4252;37.175438
4253;38.66607
4254;37.995544
4255;39.028305
4256;39.615917
4257;38.420746
4258;38.507652
4259;36.719265
4260;36.679996
4261;35.88259
4262;35.10721
4263;34.419357
4264;38.995358
4265;36.65863
4266;37.759888
4267;38.623627
4268;38.898605
4269;40.39833
4270;37.194107
4271;34.907845
4272;37.50582
4273;37.418327
4274;41.316765
4275;38.070663
4276;42.17267
4277;39.20826
4278;36.95598
4279;40.053734
4280;35.333393
4281;34.793266
4282;35.54561
4283;37.50381
4284;36.883377
4285;36.56524
4286;36.09066
4287;38.562588
4288;39.60563
4289;36.6225
4290;37.303192
4291;36.425835
4292;38.81334
4293;35.319958
4294;37.167625
4295;35.7463
4296;37.69691
4297;36.805534
4298;37.84858
4299;35.4308
4300;37.530075
4301;36.63562
4302;35.563477
4303;35.024323
4304;36.89511
4305;37.71901
4306;33.09688
4307;37.073883
4308;35.830566
4309;35.56423
4310;36.45867
4311;39.5821
4312;34.359245
4313;36.397133
4314;39.861782
4315;40.28235
4316;39.642517
4317;37.38553
4318;37.380848
4319;38.541496
4320;38.927517
4321;34.90136
4322;34.160088
4323;34.21276
4324;39.15019
4325;36.984108
4326;39.18663
4327;38.088703
4328;38.182343
4329;40.067123
4330;35.836227
4331;37.67894
4332;37.196064
4333;40.30217
4334;37.944046
4335;36.842022
4336;37.51395
4337;38.44223
4338;37.223774
4339;36.7732
4340;38.396774
4341;37.933643
4342;41.98735
4343;40.837284
4344;39.324677
4345;38.403057
4346;38.868084
4347;37.356895
4348;38.66752
4349;36.302406
4350;37.404793
4351;34.982674
4352;37.23427
4353;35.998108
4354;40.457073
4355;38.949814
4356;39.807655
4357;40.838264
4358;39.024338
4359;38.253563
4360;36.13388
4361;37.491043
4362;35.77363
4363;35.79716
4364;37.10551
4365;36.153057
4366;36.382584
4367;37.659515
4368;36.713116
4369;35.72676
4370;36.302444
4371;36.389946
4372;34.595398
4373;34.49785
4374;38.330856
4375;37.164238
4376;34.67205
4377;36.61944
4378;36.427063
4379;38.24908
4380;37.227592
4381;36.90522
4382;39.90541
4383;35.72224
4384;40.2005
4385;40.9023
4386;40.18447
4387;36.186028
4388;38.857048
4389;38.11718
4390;37.53543
4391;38.47301
4392;42.29425
4393;41.343224
4394;37.969883
4395;35.227844
4396;42.094757
4397;39.452354
4398;38.32965
4399;36.396603
4400;40.36729
4401;39.88288
4402;38.071957
4403;37.879963
4404;39.07682
4405;36.099564
4406;38.882404
4407;36.455517
4408;41.822525
4409;37.162712
4410;35.935608
4411;34.9
4412;35.68363
4413;38.609356
4414;38.95318
4415;37.231377
4416;38.150124
4417;42.376045
4418;35.143433
4419;37.87163
4420;34.285652
4421;37.633186
4422;38.27145
4423;40.382286
4424;41.143677
4425;39.568913
4426;36.17894
4427;35.184883
4428;38.18087
4429;33.958153
4430;37.420143
4431;37.71982
4432;37.210785
4433;36.847404
4434;37.914703
4435;40.49189
4436;37.899483
4437;35.651665
4438;33.27645
4439;37.275772
4440;36.86696
4441;36.753124
4442;37.387222
4443;36.617985
4444;37.489315
4445;38.381226
4446;39.336674
4447;36.862087
4448;38.06726
4449;37.035103
4450;36.295246
4451;36.101414
4452;37.78647
4453;38.047703
4454;37.523087
4455;37.466675
4456;35.76709
4457;39.03322
4458;37.257896
4459;37.054707
4460;36.511536
4461;37.024696
4462;38.771446
4463;38.11322
4464;35.397724
4465;36.753593
4466;34.411407
4467;37.584515
4468;36.84479
4469;35.34185
4470;37.253418
4471;36.938053
4472;37.872265
4473;36.362423
4474;37.738884
4475;35.62792
4476;37.495483
4477;36.4145
4478;35.920204
4479;38.892136
4480;36.61187
4481;36.45161
4482;38.627674
4483;37.854862
4484;38.00744
4485;35.39485
4486;36.356472
4487;38.22708
4488;35.765957
4489;35.54314
4490;34.87786
4491;39.194756
4492;37.197395
4493;35.81045
4494;36.32769
4495;39.22315
4496;36.41814
4497;40.73159
4498;38.58236
4499;36.155144
4500;37.87667
4501;39.9433
4502;38.07956
4503;37.82067
4504;38.26435
4505;38.010765
4506;39.75724
4507;39.66215
4508;34.613415
4509;37.59381
4510;37.735527
4511;42.0157
4512;37.459686
4513;39.043354
4514;40.056873
4515;38.072147
4516;36.672638
4517;37.37079
4518;37.25815
4519;36.75045
4520;35.406067
4521;39.042095
4522;36.474113
4523;39.54061
4524;38.92912
4525;37.997818
4526;32.75519
4527;34.352905
4528;38.351837
4529;38.32173
4530;36.409473
4531;35.632553
4532;35.788208
4533;36.267063
4534;36.923744
4535;35.10767
4536;33.901207
4537;36.098045
4538;38.5121
4539;35.12668
4540;31.979555
4541;41.17643
4542;36.319084
4543;38.92061
4544;36.648712
4545;37.27384
4546;37.920288
4547;38.92131
4548;43.947998
4549;36.929306
4550;39.5729
4551;40.203842
4552;36.952488
4553;35.972534
4554;40.63051
4555;37.56717
4556;41.53674
4557;39.632374
4558;36.535294
4559;38.621883
4560;31.805817
4561;41.778637
4562;39.847095
4563;38.08999
4564;39.225407
4565;39.367878
4566;38.651314
4567;39.207294
4568;37.288525
4569;37.00755
4570;38.327187
4571;37.447243
4572;36.34572
4573;33.401817
4574;37.767876
4575;33.215958
4576;39.277718
4577;36.796722
4578;39.230286
4579;40.79399
4580;35.453415
4581;40.28911
4582;39.584354
4583;37.581005
4584;34.75439
4585;36.545483
4586;37.61933
4587;37.83251
4588;39.856426
4589;34.934814
4590;37.317856
4591;38.09647
4592;39.214188
4593;37.029236
4594;33.96537
4595;34.578396
4596;35.533478
4597;40.757633
4598;34.533146
4599;37.64199
4600;36.464775
4601;39.499878
4602;42.027275
4603;38.43715
4604;41.909554
4605;36.567543
4606;37.001484
4607;39.290848
4608;39.71569
4609;37.19525
4610;38.32094
4611;36.786373
4612;37.0258
4613;37.461052
4614;36.76838
4615;35.46055
4616;36.843933
4617;37.131126
4618;40.842876
4619;35.03887
4620;39.689598
4621;33.913094
4622;39.529724
4623;38.67942
4624;36.381126
4625;36.015682
4626;38.399414
4627;37.79722
4628;37.93521
4629;38.824528
4630;36.892742
4631;40.593285
4632;34.933422
4633;39.229626
4634;37.93962
4635;38.000767
4636;36.645782
4637;36.950047
4638;37.551453
4639;39.369164
4640;38.388535
4641;36.675922
4642;37.736816
4643;36.04354
4644;38.130978
4645;35.327854
4646;35.59445
4647;39.207516
4648;33.03812
4649;40.264694
4650;37.961952
4651;35.78092
4652;36.216633
4653;34.684685
4654;38.624077
4655;39.489677
4656;37.989758
4657;36.534245
4658;38.89061
4659;37.238953
4660;35.133263
4661;37.254944
4662;35.46678
4663;37.759544
4664;33.57289
4665;35.958084
4666;38.346924
4667;37.30842
4668;35.602463
4669;38.03106
4670;35.966454
4671;34.666954
4672;34.374527
4673;37.130642
4674;37.79504
4675;35.90155
4676;35.48687
4677;38.053684
4678;38.551407
4679;35.451725
4680;38.76612
4681;39.103073
4682;38.430748
4683;36.326294
4684;39.671562
4685;35.067024
4686;36.876465
4687;36.725384
4688;38.172485
4689;38.231773
4690;39.260612
4691;39.34934
4692;35.788666
4693;35.016415
4694;37.86302
4695;37.50318
4696;37.79359
4697;32.27585
4698;35.35606
4699;40.602608
4700;37.73209
4701;37.21537
4702;40.80716
4703;36.399208
4704;37.306267
4705;37.89578
4706;38.17011
4707;36.86324
4708;36.722607
4709;36.274086
4710;35.949154
4711;33.87889
4712;34.01537
4713;34.96218
4714;35.700294
4715;39.57296
4716;37.52462
4717;38.38532
4718;34.580948
4719;35.548454
4720;37.818428
4721;36.64604
4722;37.47364
4723;35.065323
4724;33.91671
4725;36.734497
4726;39.311554
4727;39.285484
4728;35.597607
4729;35.320465
4730;39.13244
4731;34.372135
4732;35.721172
4733;36.63129
4734;39.687347
4735;37.68519
4736;35.943573
4737;34.85674
4738;33.368484
4739;39.086185
4740;40.005493
4741;35.414818
4742;36.684006
4743;38.007645
4744;39.911877
4745;40.955917
4746;38.642265
4747;34.780178
4748;37.499725
4749;36.33838
4750;40.820152
4751;36.17362
4752;36.92247
4753;39.02899
4754;35.794907
4755;35.652313
4756;37.88849
4757;37.11074
4758;35.354706
4759;33.96761
4760;37.438843
4761;38.58423
4762;36.109818
4763;36.250244
4764;34.9935
4765;33.069336
4766;36.284637
4767;36.428154
4768;38.137764
4769;37.466625
4770;37.00685
4771;37.349052
4772;39.381123
4773;38.88678
4774;36.787834
4775;38.154602
4776;37.001854
4777;37.59836
4778;38.37963
4779;37.866257
4780;40.611572
4781;35.916237
4782;37.164726
4783;39.123276
4784;37.318695
4785;37.673065
4786;37.519135
4787;38.388382
4788;35.590008
4789;36.329304
4790;36.02744
4791;38.584454
4792;40.157265
4793;38.93696
4794;35.362793
4795;35.864082
4796;36.38838
4797;37.987385
4798;36.424294
4799;38.96863
4800;36.816322
4801;36.475746
4802;33.670914
4803;37.30839
4804;38.61567
4805;35.776527
4806;33.9132
4807;35.464745
4808;34.976006
4809;38.098488
4810;38.504375
4811;39.127296
4812;39.296448
4813;32.132576
4814;37.313637
4815;35.01213
4816;35.842224
4817;37.30224
4818;37.187935
4819;38.316277
4820;31.653046
4821;38.98069
4822;41.739887
4823;33.969612
4824;36.982353
4825;37.613758
4826;39.844933
4827;36.927567
4828;34.51519
4829;37.970814
4830;35.036736
4831;37.35411
4832;38.015846
4833;37.3173
4834;40.11244
4835;34.658466
4836;38.37059
4837;34.702007
4838;37.24211
4839;34.086105
4840;34.317314
4841;35.22046
4842;36.591705
4843;34.655807
4844;38.84572
4845;37.603943
4846;37.809452
4847;34.798576
4848;36.69013
4849;38.215057
4850;34.916847
4851;38.22211
4852;37.061478
4853;37.505737
4854;37.159332
4855;34.465366
4856;35.383945
4857;36.94674
4858;34.835472
4859;36.214966
4860;37.507053
4861;39.467407
4862;34.67347
4863;38.088867
4864;35.225334
4865;38.640648
4866;38.9685
4867;37.31997
4868;36.957577
4869;36.12625
4870;37.574203
4871;36.376812
4872;37.811462
4873;36.6427
4874;33.960617
4875;38.003166
4876;34.47462
4877;37.058517
4878;38.407806
4879;39.43293
4880;36.43356
4881;37.40937
4882;37.135662
4883;41.798992
4884;37.272575
4885;36.01609
4886;37.310966
4887;39.95467
4888;34.10151
4889;38.841415
4890;36.64514
4891;38.281296
4892;36.248657
4893;38.87702
4894;36.487926
4895;34.63153
4896;36.865593
4897;36.23893
4898;34.851288
4899;37.643448
4900;34.523216
4901;36.751297
4902;37.1427
4903;36.351967
4904;35.937187
4905;32.852074
4906;38.035637
4907;33.282494
4908;35.415657
4909;35.190624
4910;37.181572
4911;35.102142
4912;36.26809
4913;35.013588
4914;36.73737
4915;36.433434
4916;38.084183
4917;36.215836
4918;37.23075
4919;37.164185
4920;36.2764
4921;33.83522
4922;35.339924
4923;34.521523
4924;35.29693
4925;39.094597
4926;35.823708
4927;33.90377
4928;35.363102
4929;36.537468
4930;34.164917
4931;33.455097
4932;36.756096
4933;35.398357
4934;32.139133
4935;38.65105
4936;39.02526
4937;37.503395
4938;38.187584
4939;37.28355
4940;35.397484
4941;38.756767
4942;35.51317
4943;38.13937
4944;33.56125
4945;34.698223
4946;33.27563
4947;35.311756
4948;35.55102
4949;36.47672
4950;32.76322
4951;38.46026
4952;34.13199
4953;35.1288
4954;35.41381
4955;34.709717
4956;30.879555
4957;37.362133
4958;38.081722
4959;37.509407
4960;37.42595
4961;35.25547
4962;37.188465
4963;39.6801
4964;36.809708
4965;38.581192
4966;35.21237
4967;37.217823
4968;38.28503
4969;35.17614
4970;38.209393
4971;40.32649
4972;37.8553
4973;33.676422
4974;38.44572
4975;36.552204
4976;37.900303
4977;34.61859
4978;33.964905
4979;38.08616
4980;38.983917
4981;37.6367
4982;36.470135
4983;36.446587
4984;37.1211
4985;31.739265
4986;35.557625
4987;38.38468
4988;37.386414
4989;40.455627
4990;40.194366
4991;36.12724
4992;34.70012
4993;37.776184
4994;37.141163
4995;35.50904
4996;39.55394
4997;33.51183
4998;35.869408
4999;35.571316
5000;36.283737
